<?xml version="1.0" encoding="UTF-8"?>
<beans xmlns="http://www.springframework.org/schema/beans"
	xmlns:xsi="http://www.w3.org/2001/XMLSchema-instance"
	xsi:schemaLocation="http://www.springframework.org/schema/beans https://www.springframework.org/schema/beans/spring-beans.xsd">
	
	<!-- Root Context: defines shared resources visible to all other web components -->

		
	<bean id="hikaridataSource" class="com.zaxxer.hikari.HikariDataSource">
		<property name="driverClassName" value="com.mysql.cj.jdbc.Driver" />
		<property name="jdbcUrl" value="jdbc:mysql://localhost:3306/project4team?characterEncoding=utf8&amp;useSSL=false&amp;autoReconnection=true" />
		<property name="username" value="kdigital" />
		<property name="password" value="mysql" />
		<property name="minimumIdle" value="20" />
		<property name="maximumPoolSize" value="100" />
		<property name="connectionTimeout" value="1000" />
	</bean>
	
	<bean id="jdbcTemplate" class="org.springframework.jdbc.core.JdbcTemplate">
		<property name="dataSource" ref="hikaridataSource" />
	</bean>
	
	<bean id="sqlSessionFactory" class="org.mybatis.spring.SqlSessionFactoryBean">
		<property name="dataSource" ref="hikaridataSource"/>
		<property name="configLocation" value="classpath:mybatis-config.xml"/>
	</bean>
	
	<bean id="sqlSessionTemplate" class="org.mybatis.spring.SqlSessionTemplate">
		<constructor-arg ref="sqlSessionFactory"/>
	</bean>
	
	<import resource="subway-context.xml"/>
	<import resource="customer-context.xml"/>
	<import resource="board-context.xml"/>
	<import resource="member-context.xml"/>
	<import resource="line-context2.xml"/>
</beans>