<?xml version="1.0" encoding="UTF-8"?>
<beans xmlns="http://www.springframework.org/schema/beans"
	xmlns:xsi="http://www.w3.org/2001/XMLSchema-instance"
	xmlns:mybatis-spring="http://mybatis.org/schema/mybatis-spring"
	xsi:schemaLocation="http://mybatis.org/schema/mybatis-spring http://mybatis.org/schema/mybatis-spring-1.2.xsd
		http://www.springframework.org/schema/beans http://www.springframework.org/schema/beans/spring-beans.xsd">

	<bean id="subwayService" class="com.team4.Service.SubwayServiceImpl">
		<property name="subwaydao" ref="subwayDao"/>
		<property name="subwayMapper" ref="subwayMapper"/>
	</bean>
	
	<bean id="subwayDao" class="com.team4.dao.SubwayDaoImpl">
		<property name="jdbcTemplate" ref="jdbcTemplate"/>
		<property name="sqlSessionTemplate" ref="sqlSessionTemplate" />
	</bean>
	
	<mybatis-spring:scan base-package="com.team4.mapper"/>
	
</beans>











